id,title,score,num_comments,author,created_utc,url,over_18,edited,spoiler,stickied
1jd9ifn,Which one to choose?,170,74,ChoicePound5745,2025-03-17 10:32:04,https://www.reddit.com/gallery/1jd9ifn,False,False,False,False
1jcx87s,Migration to Azure Databricks making me upset and stuck,64,47,erenhan,2025-03-16 22:12:46,https://www.reddit.com/r/dataengineering/comments/1jcx87s/migration_to_azure_databricks_making_me_upset_and/,False,False,False,False
1jd2iul,Job searching is soul crushing...,53,69,FuccYuo,2025-03-17 02:32:52,https://www.reddit.com/r/dataengineering/comments/1jd2iul/job_searching_is_soul_crushing/,False,False,False,False
1jd8mr3,"I know this sub doesn't like Microsoft Fabric, but I've been working with it the past two years and it's the reason I got promoted to Data Engineer.",37,18,LactatingJello,2025-03-17 09:29:45,https://www.reddit.com/r/dataengineering/comments/1jd8mr3/i_know_this_sub_doesnt_like_microsoft_fabric_but/,False,False,False,False
1jcvzfg,How do people find time to learn while working as a DE,25,27,Fit_Amount1429,2025-03-16 21:16:50,https://www.reddit.com/r/dataengineering/comments/1jcvzfg/how_do_people_find_time_to_learn_while_working_as/,False,False,False,False
1jcujsx,Best books on data quality,16,8,Quantumizera,2025-03-16 20:12:53,https://www.reddit.com/r/dataengineering/comments/1jcujsx/best_books_on_data_quality/,False,False,False,False
1jdctbo,Would you rather have a Technical or Non-Technical PO?,13,13,SonicBoom_81,2025-03-17 13:37:07,https://www.reddit.com/r/dataengineering/comments/1jdctbo/would_you_rather_have_a_technical_or_nontechnical/,False,False,False,False
1jcssz7,Spark books?,11,4,ksco92,2025-03-16 18:58:32,https://www.reddit.com/r/dataengineering/comments/1jcssz7/spark_books/,False,False,False,False
1jd3sd5,OpenMetadata Ingestion and Lineage,9,2,Agreeable-Way-9873,2025-03-17 03:42:09,https://www.reddit.com/r/dataengineering/comments/1jd3sd5/openmetadata_ingestion_and_lineage/,False,False,False,False
1jd0glr,My friend built this as a side project - Is it valuable?,9,6,Upbeat-Difficulty33,2025-03-17 00:45:11,https://www.reddit.com/r/dataengineering/comments/1jd0glr/my_friend_built_this_as_a_side_project_is_it/,False,False,False,False
1jdc332,Learning to become a Data Engineer. Is it worth learning OOP and creating packages?,6,9,godz_ares,2025-03-17 13:01:44,https://www.reddit.com/r/dataengineering/comments/1jdc332/learning_to_become_a_data_engineer_is_it_worth/,False,False,False,False
1jd26pz,Building a CDC Pipeline from MongoDB to Postgres using Kafka & Debezium in Docker,6,2,Majestic___Delivery,2025-03-17 02:15:05,https://www.reddit.com/r/dataengineering/comments/1jd26pz/building_a_cdc_pipeline_from_mongodb_to_postgres/,False,False,False,False
1jcuall,Coding a database proxy for fun,7,0,der_gopher,2025-03-16 20:01:49,https://www.youtube.com/watch?v=DU7_MQmRDUs,False,False,False,False
1jcxinl,LEARNING CURVE OF DE STACKS,4,13,coutogl,2025-03-16 22:25:47,https://www.reddit.com/r/dataengineering/comments/1jcxinl/learning_curve_of_de_stacks/,False,False,False,False
1jcqk0m,How to Prepare for a Data Engineering Manager round,6,0,Ok-Bowl-3546,2025-03-16 17:22:15,https://www.reddit.com/r/dataengineering/comments/1jcqk0m/how_to_prepare_for_a_data_engineering_manager/,False,False,False,False
1jdczp6,Database Ingestion,1,10,National_Egg_5894,2025-03-17 13:45:33,https://www.reddit.com/r/dataengineering/comments/1jdczp6/database_ingestion/,False,False,False,False
1jdc6ns,Streamlined Analytic SQL w/ Trilogy,3,0,Prestigious_Bench_96,2025-03-17 13:06:30,https://www.reddit.com/r/dataengineering/comments/1jdc6ns/streamlined_analytic_sql_w_trilogy/,False,False,False,False
1jcs8d2,Some good data engineering resources for experienced Software Engineers.,4,10,ramenandcode,2025-03-16 18:34:37,https://www.reddit.com/r/dataengineering/comments/1jcs8d2/some_good_data_engineering_resources_for/,False,False,False,False
1jdh2fc,Real world scenarios,2,2,chernobylsurvivor331,2025-03-17 16:36:58,https://www.reddit.com/r/dataengineering/comments/1jdh2fc/real_world_scenarios/,False,False,False,False
1jdg5k0,Anyone Using n8n for ETL? Looking for Shopify â†” Salesforce Bidirectional Integration Advice,2,3,orlybg,2025-03-17 16:00:31,https://www.reddit.com/r/dataengineering/comments/1jdg5k0/anyone_using_n8n_for_etl_looking_for_shopify/,False,False,False,False
1jdeqrm,Is Apache Spark good for my use case?,2,1,Smallz1107,2025-03-17 15:02:42,https://www.reddit.com/r/dataengineering/comments/1jdeqrm/is_apache_spark_good_for_my_use_case/,False,False,False,False
1jdebif,Is there any text based learning platform for data engineers?,2,2,sachingotal,2025-03-17 14:44:43,https://www.reddit.com/r/dataengineering/comments/1jdebif/is_there_any_text_based_learning_platform_for/,False,False,False,False
1jde0x6,Data Engineering Project Deployment Suggestions,2,0,Equivalent_Ant1426,2025-03-17 14:31:58,https://www.reddit.com/r/dataengineering/comments/1jde0x6/data_engineering_project_deployment_suggestions/,False,False,False,False
1jdhpml,Seeking Advice:from ITSM (Non-Dev) to Data Engineering â€“ Worth It? How Hard Is It?,1,1,t7Saitama,2025-03-17 17:02:45,https://www.reddit.com/r/dataengineering/comments/1jdhpml/seeking_advicefrom_itsm_nondev_to_data/,False,False,False,False
1jdho6c,New work laptop  for a Data engineering consultant,2,2,bambimbomy,2025-03-17 17:01:21,https://www.reddit.com/r/dataengineering/comments/1jdho6c/new_work_laptop_for_a_data_engineering_consultant/,False,False,False,False
1jdhg7o,informatica schema inference and join suggestion tool -> how good or bad is it?,1,0,thelionofverdun,2025-03-17 16:52:41,https://www.reddit.com/r/dataengineering/comments/1jdhg7o/informatica_schema_inference_and_join_suggestion/,False,False,False,False
1jdgvxj,Data Platform Architecture,1,3,adelaoc,2025-03-17 16:29:36,https://www.reddit.com/r/dataengineering/comments/1jdgvxj/data_platform_architecture/,False,False,False,False
1jddyog,Data Engineer,1,0,WCrume_DataScience,2025-03-17 14:29:12,https://www.reddit.com/r/dataengineering/comments/1jddyog/data_engineer/,False,False,False,False
1jddy40,Are there many people who are good in both data engineering and data science?,1,3,Proof-Bed-6928,2025-03-17 14:28:34,https://www.reddit.com/r/dataengineering/comments/1jddy40/are_there_many_people_who_are_good_in_both_data/,False,False,False,False
1jdc7dh,"For supermetrics, funnel etc users",1,0,Miterius,2025-03-17 13:07:29,https://www.reddit.com/r/dataengineering/comments/1jdc7dh/for_supermetrics_funnel_etc_users/,False,False,False,False
1jcy4ol,Azure Synapse project,1,2,DEng-012019,2025-03-16 22:54:24,https://www.reddit.com/r/dataengineering/comments/1jcy4ol/azure_synapse_project/,False,False,False,False
1jcxqg3,feedback wanted for my project,1,1,Leonjy92,2025-03-16 22:35:39,https://www.reddit.com/r/dataengineering/comments/1jcxqg3/feedback_wanted_for_my_project/,False,False,False,False
1jcxe9h,shared movies Recommendation System ðŸ”¥,3,0,Sea-Big3344,2025-03-16 22:20:17,https://www.reddit.com/r/dataengineering/comments/1jcxe9h/shared_movies_recommendation_system/,False,False,False,False
1jcv06e,ELT/ETL questions from a software engineer,1,5,thoughtsonbees,2025-03-16 20:32:59,https://www.reddit.com/r/dataengineering/comments/1jcv06e/eltetl_questions_from_a_software_engineer/,False,False,False,False
1jcqzcs,Is Mixing Graviton and non-Graviton Instances Supported in the Same EMR Cluster?,1,0,okbsan,2025-03-16 17:40:31,https://www.reddit.com/r/dataengineering/comments/1jcqzcs/is_mixing_graviton_and_nongraviton_instances/,False,False,False,False
1jdfocl,Want to leave de,0,10,tiptoeAroundBullshit,2025-03-17 15:41:19,https://www.reddit.com/r/dataengineering/comments/1jdfocl/want_to_leave_de/,False,False,False,False
1jde4ki,Need help with my next career move,0,1,TrashyTy,2025-03-17 14:36:23,https://www.reddit.com/r/dataengineering/comments/1jde4ki/need_help_with_my_next_career_move/,False,False,False,False
1jczu60,I'm pretty much a beginner - Hoping to get some help getting started...,0,1,iambatmanman,2025-03-17 00:14:46,https://www.reddit.com/r/dataengineering/comments/1jczu60/im_pretty_much_a_beginner_hoping_to_get_some_help/,False,False,False,False
1jd3nt7,Key points to consider as DE,0,0,OpportunityBrave6178,2025-03-17 03:34:53,https://www.reddit.com/r/dataengineering/comments/1jd3nt7/key_points_to_consider_as_de/,False,False,False,False
1jcqtms,pandas alternatives: is FireDucks the fastest and 100% compatible?,0,12,AMGraduate564,2025-03-16 17:33:36,https://www.reddit.com/r/dataengineering/comments/1jcqtms/pandas_alternatives_is_fireducks_the_fastest_and/,False,False,False,False
